{
    "epoch": 39,
    "loss": 0.5371880105563572,
    "loss_ema": 0.5861059641558004,
    "pixel_acc": 0.9723985024860927,
    "miou": 0.7098056099967064,
    "dice": 0.7848826978181366,
    "best_loss": 0.5371880105563572,
    "model_version": "1.0.0-segmentation",
    "created_at": "2026-06-20T17:14:59.971662",
    "config": {
        "epochs": 50,
        "batch_size": 128,
        "lr": 0.0002,
        "img_size": 256,
        "limit": 1000,
        "save_every": 1,
        "sample_every": 1,
        "workers": 4,
        "compile": false,
        "port": 8080,
        "base_dir": "c:\\Users\\hanbi\\Downloads\\RPLAN dataset\\Network",
        "resume": true,
        "model_version": "1.0.0-segmentation",
        "max_grad_norm": 1.0,
        "loss_ema_decay": 0.95,
        "encoder_name": "resnet34",
        "use_class_weights": true,
        "dice_weight": 1.0
    }
}